{"cameraMode":{"drawMode":0,"name":"Shaded","section":"Shading Mode"},"sceneLighting":false,"audioPlay":false,"sceneViewState":{"showFog":true,"showMaterialUpdate":false,"showSkybox":true,"showFlares":true,"showImageEffects":true,"showParticleSystems":true},"in2DMode":false,"pivot":{"x":1161.1231689453125,"y":460.44024658203127,"z":90.58723449707031},"rotation":{"x":-0.19248035550117494,"y":0.12531879544258119,"z":-0.024791890755295755,"w":-0.9729520678520203},"size":348.9254150390625,"orthographic":false}